[{"id":1,"first_name":"Laird","last_name":"Fludgate","email":"lfludgate0@lycos.com"},
{"id":2,"first_name":"Tuck","last_name":"Birrell","email":"tbirrell1@soundcloud.com"},
{"id":3,"first_name":"Agata","last_name":"Dablin","email":"adablin2@ox.ac.uk"},
{"id":4,"first_name":"Ileana","last_name":"Hamp","email":"ihamp3@4shared.com"},
{"id":5,"first_name":"Roshelle","last_name":"Hentzeler","email":"rhentzeler4@gravatar.com"},
{"id":6,"first_name":"Alva","last_name":"Santi","email":"asanti5@unicef.org"},
{"id":7,"first_name":"Ilyssa","last_name":"Beller","email":"ibeller6@nps.gov"},
{"id":8,"first_name":"Josi","last_name":"Ealden","email":"jealden7@reddit.com"},
{"id":9,"first_name":"Tadeas","last_name":"Tabor","email":"ttabor8@virginia.edu"},
{"id":10,"first_name":"Lorrie","last_name":"Pedrielli","email":"lpedrielli9@ehow.com"},
{"id":11,"first_name":"Giovanna","last_name":"O'Garmen","email":"gogarmena@ucoz.ru"},
{"id":12,"first_name":"Bibbie","last_name":"Gurry","email":"bgurryb@amazon.co.uk"},
{"id":13,"first_name":"Maegan","last_name":"Duckworth","email":"mduckworthc@altervista.org"},
{"id":14,"first_name":"Pammi","last_name":"Bristowe","email":"pbristowed@github.com"},
{"id":15,"first_name":"Gabi","last_name":"Linguard","email":"glinguarde@wsj.com"},
{"id":16,"first_name":"Lory","last_name":"Bockings","email":"lbockingsf@icio.us"},
{"id":17,"first_name":"`Desi`","last_name":"Clarkin","email":"dclarking@addtoany.com"},
{"id":18,"first_name":"Maxine","last_name":"Strode","email":"mstrodeh@hc360.com"},
{"id":19,"first_name":"Wait","last_name":"Brattan","email":"wbrattani@stanford.edu"},
{"id":20,"first_name":"Andria","last_name":"Stathers","email":"astathersj@army.mil"},
{"id":21,"first_name":"Anabal","last_name":"Pirrie","email":"apirriek@scribd.com"}]